목적별,연도,합계(명),전년도(명),성장률(%),구성비(%),관광,상용,공용,유학연수,기타
관광,2005년 01월,322657,0,0,0.2,322657,0,0,0,
관광,2005년 02월,349959,0,0,0.2,349959,0,0,0,
관광,2005년 03월,393081,0,0,0.2,393081,0,0,0,
관광,2005년 04월,357776,0,0,0.2,357776,0,0,0,
관광,2005년 05월,331303,0,0,0.2,331303,0,0,0,
관광,2005년 06월,333070,0,0,0.2,333070,0,0,0,
관광,2005년 07월,349743,0,0,0.2,349743,0,0,0,
관광,2005년 08월,369458,0,0,0.2,369458,0,0,0,
관광,2005년 09월,365581,0,0,0.2,365581,0,0,0,
관광,2005년 10월,426625,0,0,0.3,426625,0,0,0,
관광,2005년 11월,377193,0,0,0.2,377193,0,0,0,
관광,2005년 12월,370768,0,0,0.2,370768,0,0,0,
관광,2006년 01월,290245,322657,-10,0.2,290245,0,0,0,
관광,2006년 02월,305287,349959,-12.8,0.2,305287,0,0,0,
관광,2006년 03월,370761,393081,-5.7,0.2,370761,0,0,0,
관광,2006년 04월,357905,357776,0,0.2,357905,0,0,0,
관광,2006년 05월,373167,331303,12.6,0.2,373167,0,0,0,
관광,2006년 06월,361529,333070,8.5,0.2,361529,0,0,0,
관광,2006년 07월,349534,349743,-0.1,0.2,349534,0,0,0,
관광,2006년 08월,396209,369458,7.2,0.2,396209,0,0,0,
관광,2006년 09월,388588,365581,6.3,0.2,388588,0,0,0,
관광,2006년 10월,425179,426625,-0.3,0.3,425179,0,0,0,
관광,2006년 11월,385149,377193,2.1,0.2,385149,0,0,0,
관광,2006년 12월,361098,370768,-2.6,0.2,361098,0,0,0,
관광,2007년 01월,296669,290245,2.2,0.2,296669,0,0,0,
관광,2007년 02월,334327,305287,9.5,0.2,334327,0,0,0,
관광,2007년 03월,368964,370761,-0.5,0.2,368964,0,0,0,
관광,2007년 04월,361083,357905,0.9,0.2,361083,0,0,0,
관광,2007년 05월,359477,373167,-3.7,0.2,359477,0,0,0,
관광,2007년 06월,359226,361529,-0.6,0.2,359226,0,0,0,
관광,2007년 07월,350553,349534,0.3,0.2,350553,0,0,0,
관광,2007년 08월,377860,396209,-4.6,0.2,377860,0,0,0,
관광,2007년 09월,365407,388588,-6,0.2,365407,0,0,0,
관광,2007년 10월,453625,425179,6.7,0.3,453625,0,0,0,
관광,2007년 11월,389294,385149,1.1,0.2,389294,0,0,0,
관광,2007년 12월,371949,361098,3,0.2,371949,0,0,0,
관광,2008년 01월,303800,296669,2.4,0.2,303800,0,0,0,
관광,2008년 02월,330912,334327,-1,0.2,330912,0,0,0,
관광,2008년 03월,386578,368964,4.8,0.2,386578,0,0,0,
관광,2008년 04월,384764,361083,6.6,0.2,384764,0,0,0,
관광,2008년 05월,389666,359477,8.4,0.2,389666,0,0,0,
관광,2008년 06월,367888,359226,2.4,0.2,367888,0,0,0,
관광,2008년 07월,388089,350553,10.7,0.2,388089,0,0,0,
관광,2008년 08월,366517,377860,-3,0.2,366517,0,0,0,
관광,2008년 09월,392131,365407,7.3,0.2,392131,0,0,0,
관광,2008년 10월,449340,453625,-0.9,0.3,449340,0,0,0,
관광,2008년 11월,407431,389294,4.7,0.2,407431,0,0,0,
관광,2008년 12월,474688,371949,27.6,0.3,474688,0,0,0,
관광,2009년 01월,441688,303800,45.4,0.3,441688,0,0,0,
관광,2009년 02월,453450,330912,37,0.3,453450,0,0,0,
관광,2009년 03월,523411,386578,35.4,0.3,523411,0,0,0,
관광,2009년 04월,526297,384764,36.8,0.3,526297,0,0,0,
관광,2009년 05월,409679,389666,5.1,0.2,409679,0,0,0,
관광,2009년 06월,371321,367888,0.9,0.2,371321,0,0,0,
관광,2009년 07월,444465,388089,14.5,0.3,444465,0,0,0,
관광,2009년 08월,484305,366517,32.1,0.3,484305,0,0,0,
관광,2009년 09월,503702,392131,28.5,0.3,503702,0,0,0,
관광,2009년 10월,556282,449340,23.8,0.3,556282,0,0,0,
관광,2009년 11월,480417,407431,17.9,0.3,480417,0,0,0,
관광,2009년 12월,490275,474688,3.3,0.3,490275,0,0,0,
관광,2010년 01월,400846,441688,-9.2,0.2,400846,0,0,0,
관광,2010년 02월,446579,453450,-1.5,0.3,446579,0,0,0,
관광,2010년 03월,545442,523411,4.2,0.3,545442,0,0,0,
관광,2010년 04월,543297,526297,3.2,0.3,543297,0,0,0,
관광,2010년 05월,525340,409679,28.2,0.3,525340,0,0,0,
관광,2010년 06월,520474,371321,40.2,0.3,520474,0,0,0,
관광,2010년 07월,541085,444465,21.7,0.3,541085,0,0,0,
관광,2010년 08월,580207,484305,19.8,0.3,580207,0,0,0,
관광,2010년 09월,546739,503702,8.5,0.3,546739,0,0,0,
관광,2010년 10월,658244,556282,18.3,0.4,658244,0,0,0,
관광,2010년 11월,558324,480417,16.2,0.3,558324,0,0,0,
관광,2010년 12월,500389,490275,2.1,0.3,500389,0,0,0,
관광,2011년 01월,399998,400846,-0.2,0.2,399998,0,0,0,
관광,2011년 02월,430922,446579,-3.5,0.3,430922,0,0,0,
관광,2011년 03월,539278,545442,-1.1,0.3,539278,0,0,0,
관광,2011년 04월,543974,543297,0.1,0.3,543974,0,0,0,
관광,2011년 05월,535772,525340,2,0.3,535772,0,0,0,
관광,2011년 06월,586384,520474,12.7,0.3,586384,0,0,0,
관광,2011년 07월,667906,541085,23.4,0.4,667906,0,0,0,
관광,2011년 08월,718143,580207,23.8,0.4,718143,0,0,0,
관광,2011년 09월,674970,546739,23.5,0.4,674970,0,0,0,
관광,2011년 10월,768196,658244,16.7,0.5,768196,0,0,0,
관광,2011년 11월,677254,558324,21.3,0.4,677254,0,0,0,
관광,2011년 12월,660296,500389,32,0.4,660296,0,0,0,
관광,2012년 01월,557008,399998,39.3,0.3,557008,0,0,0,
관광,2012년 02월,574347,430922,33.3,0.3,574347,0,0,0,
관광,2012년 03월,711326,539278,31.9,0.4,711326,0,0,0,
관광,2012년 04월,773569,543974,42.2,0.5,773569,0,0,0,
관광,2012년 05월,732888,535772,36.8,0.4,732888,0,0,0,
관광,2012년 06월,755401,586384,28.8,0.4,755401,0,0,0,
관광,2012년 07월,811913,667906,21.6,0.5,811913,0,0,0,
관광,2012년 08월,854750,718143,19,0.5,854750,0,0,0,
관광,2012년 09월,766355,674970,13.5,0.5,766355,0,0,0,
관광,2012년 10월,793089,768196,3.2,0.5,793089,0,0,0,
관광,2012년 11월,663682,677254,-2,0.4,663682,0,0,0,
관광,2012년 12월,662490,660296,0.3,0.4,662490,0,0,0,
관광,2013년 01월,570758,557008,2.5,0.3,570758,0,0,0,
관광,2013년 02월,608384,574347,5.9,0.4,608384,0,0,0,
관광,2013년 03월,756798,711326,6.4,0.4,756798,0,0,0,
관광,2013년 04월,727217,773569,-6,0.4,727217,0,0,0,
관광,2013년 05월,658412,732888,-10.2,0.4,658412,0,0,0,
관광,2013년 06월,760357,755401,0.7,0.4,760357,0,0,0,
관광,2013년 07월,872436,811913,7.5,0.5,872436,0,0,0,
관광,2013년 08월,986570,854750,15.4,0.6,986570,0,0,0,
관광,2013년 09월,853274,766355,11.3,0.5,853274,0,0,0,
관광,2013년 10월,837826,793089,5.6,0.5,837826,0,0,0,
관광,2013년 11월,710478,663682,7.1,0.4,710478,0,0,0,
관광,2013년 12월,733178,662490,10.7,0.4,733178,0,0,0,
관광,2014년 01월,640335,570758,12.2,0.4,640335,0,0,0,
관광,2014년 02월,643532,608384,5.8,0.4,643532,0,0,0,
관광,2014년 03월,865927,756798,14.4,0.5,865927,0,0,0,
관광,2014년 04월,981715,727217,35,0.6,981715,0,0,0,
관광,2014년 05월,951282,658412,44.5,0.6,951282,0,0,0,
관광,2014년 06월,946177,760357,24.4,0.6,946177,0,0,0,
관광,2014년 07월,1029905,872436,18,0.6,1029905,0,0,0,
관광,2014년 08월,1084204,986570,9.9,0.6,1084204,0,0,0,
관광,2014년 09월,939728,853274,10.1,0.6,939728,0,0,0,
관광,2014년 10월,1056804,837826,26.1,0.6,1056804,0,0,0,
관광,2014년 11월,900170,710478,26.7,0.5,900170,0,0,0,
관광,2014년 12월,887701,733178,21.1,0.5,887701,0,0,0,
관광,2015년 01월,723255,640335,12.9,0.4,723255,0,0,0,
관광,2015년 02월,815138,643532,26.7,0.5,815138,0,0,0,
관광,2015년 03월,958493,865927,10.7,0.6,958493,0,0,0,
관광,2015년 04월,1112904,981715,13.4,0.7,1112904,0,0,0,
관광,2015년 05월,1060730,951282,11.5,0.6,1060730,0,0,0,
관광,2015년 06월,517926,946177,-45.3,0.3,517926,0,0,0,
관광,2015년 07월,419430,1029905,-59.3,0.2,419430,0,0,0,
관광,2015년 08월,730808,1084204,-32.6,0.4,730808,0,0,0,
관광,2015년 09월,907874,939728,-3.4,0.5,907874,0,0,0,
관광,2015년 10월,1076153,1056804,1.8,0.6,1076153,0,0,0,
관광,2015년 11월,911647,900170,1.3,0.5,911647,0,0,0,
관광,2015년 12월,901131,887701,1.5,0.5,901131,0,0,0,
관광,2016년 01월,865064,723255,19.6,0.5,865064,0,0,0,
관광,2016년 02월,849995,815138,4.3,0.5,849995,0,0,0,
관광,2016년 03월,1123465,958493,17.2,0.7,1123465,0,0,0,
관광,2016년 04월,1214201,1112904,9.1,0.7,1214201,0,0,0,
관광,2016년 05월,1202692,1060730,13.4,0.7,1202692,0,0,0,
관광,2016년 06월,1277116,517926,146.6,0.8,1277116,0,0,0,
관광,2016년 07월,1405496,419430,235.1,0.8,1405496,0,0,0,
관광,2016년 08월,1312514,730808,79.6,0.8,1312514,0,0,0,
관광,2016년 09월,1199450,907874,32.1,0.7,1199450,0,0,0,
관광,2016년 10월,1303692,1076153,21.1,0.8,1303692,0,0,0,
관광,2016년 11월,1076471,911647,18.1,0.6,1076471,0,0,0,
관광,2016년 12월,1102769,901131,22.4,0.6,1102769,0,0,0,
관광,2017년 01월,978223,865064,13.1,0.6,978223,0,0,0,
관광,2017년 02월,952948,849995,12.1,0.6,952948,0,0,0,
관광,2017년 03월,970389,1123465,-13.6,0.6,970389,0,0,0,
관광,2017년 04월,854669,1214201,-29.6,0.5,854669,0,0,0,
관광,2017년 05월,738590,1202692,-38.6,0.4,738590,0,0,0,
관광,2017년 06월,775181,1277116,-39.3,0.5,775181,0,0,0,
관광,2017년 07월,782389,1405496,-44.3,0.5,782389,0,0,0,
관광,2017년 08월,817226,1312514,-37.7,0.5,817226,0,0,0,
관광,2017년 09월,839415,1199450,-30,0.5,839415,0,0,0,
관광,2017년 10월,899881,1303692,-31,0.5,899881,0,0,0,
관광,2017년 11월,880745,1076471,-18.2,0.5,880745,0,0,0,
관광,2017년 12월,925938,1102769,-16,0.5,925938,0,0,0,
관광,2018년 01월,742732,978223,-24.1,0.4,742732,0,0,0,
관광,2018년 02월,790477,952948,-17,0.5,790477,0,0,0,
관광,2018년 03월,1085542,970389,11.9,0.6,1085542,0,0,0,
관광,2018년 04월,1091353,854669,27.7,0.6,1091353,0,0,0,
관광,2018년 05월,991449,738590,34.2,0.6,991449,0,0,0,
관광,2018년 06월,1055855,775181,36.2,0.6,1055855,0,0,0,
관광,2018년 07월,1030612,782389,31.7,0.6,1030612,0,0,0,
관광,2018년 08월,1100711,817226,34.7,0.6,1100711,0,0,0,
관광,2018년 09월,1013326,839415,20.7,0.6,1013326,0,0,0,
관광,2018년 10월,1269201,899881,41,0.7,1269201,0,0,0,
관광,2018년 11월,1130709,880745,28.4,0.7,1130709,0,0,0,
관광,2018년 12월,1112381,925938,20.1,0.7,1112381,0,0,0,
관광,2019년 01월,884293,742732,19.1,0.5,884293,0,0,0,
관광,2019년 02월,907928,790477,14.9,0.5,907928,0,0,0,
관광,2019년 03월,1251744,1085542,15.3,0.7,1251744,0,0,0,
관광,2019년 04월,1382540,1091353,26.7,0.8,1382540,0,0,0,
관광,2019년 05월,1233562,991449,24.4,0.7,1233562,0,0,0,
관광,2019년 06월,1237840,1055855,17.2,0.7,1237840,0,0,0,
관광,2019년 07월,1218767,1030612,18.3,0.7,1218767,0,0,0,
관광,2019년 08월,1251764,1100711,13.7,0.7,1251764,0,0,0,
관광,2019년 09월,1178421,1013326,16.3,0.7,1178421,0,0,0,
관광,2019년 10월,1403576,1269201,10.6,0.8,1403576,0,0,0,
관광,2019년 11월,1234503,1130709,9.2,0.7,1234503,0,0,0,
관광,2019년 12월,1247337,1112381,12.1,0.7,1247337,0,0,0,
관광,2020년 01월,1030497,884293,16.5,0.6,1030497,0,0,0,
관광,2020년 02월,503976,907928,-44.5,0.3,503976,0,0,0,
관광,2020년 03월,31497,1251744,-97.5,0,31497,0,0,0,
관광,2020년 04월,5135,1382540,-99.6,0,5135,0,0,0,
관광,2020년 05월,6111,1233562,-99.5,0,6111,0,0,0,
관광,2020년 06월,9744,1237840,-99.2,0,9744,0,0,0,
관광,2020년 07월,12732,1218767,-99,0,12732,0,0,0,
관광,2020년 08월,8634,1251764,-99.3,0,8634,0,0,0,
관광,2020년 09월,10619,1178421,-99.1,0,10619,0,0,0,
관광,2020년 10월,11119,1403576,-99.2,0,11119,0,0,0,
관광,2020년 11월,11514,1234503,-99.1,0,11514,0,0,0,
관광,2020년 12월,11893,1247337,-99,0,11893,0,0,0,
관광,2021년 01월,9035,1030497,-99.1,0,9035,0,0,0,
관광,2021년 02월,8500,503976,-98.3,0,8500,0,0,0,
관광,2021년 03월,11169,31497,-64.5,0,11169,0,0,0,
관광,2021년 04월,11492,5135,123.8,0,11492,0,0,0,
관광,2021년 05월,15381,6111,151.7,0,15381,0,0,0,
관광,2021년 06월,17847,9744,83.2,0,17847,0,0,0,
관광,2021년 07월,20297,12732,59.4,0,20297,0,0,0,
관광,2021년 08월,18452,8634,113.7,0,18452,0,0,0,
관광,2021년 09월,19611,10619,84.7,0,19611,0,0,0,
관광,2021년 10월,25698,11119,131.1,0,25698,0,0,0,
관광,2021년 11월,28734,11514,149.6,0,28734,0,0,0,
관광,2021년 12월,25630,11893,115.5,0,25630,0,0,0,
관광,2022년 01월,16961,9035,87.7,0,16961,0,0,0,
관광,2022년 02월,16512,8500,94.3,0,16512,0,0,0,
관광,2022년 03월,22492,11169,101.4,0,22492,0,0,0,
관광,2022년 04월,57448,11492,399.9,0,57448,0,0,0,
관광,소계,128966801,128681738,0.2,75.9,128966801,0,0,0,
상용,2005년 01월,19057,0,0,0,0,19057,0,0,
상용,2005년 02월,16422,0,0,0,0,16422,0,0,
상용,2005년 03월,21657,0,0,0,0,21657,0,0,
상용,2005년 04월,21843,0,0,0,0,21843,0,0,
상용,2005년 05월,22777,0,0,0,0,22777,0,0,
상용,2005년 06월,21641,0,0,0,0,21641,0,0,
상용,2005년 07월,20352,0,0,0,0,20352,0,0,
상용,2005년 08월,22759,0,0,0,0,22759,0,0,
상용,2005년 09월,23330,0,0,0,0,23330,0,0,
상용,2005년 10월,25634,0,0,0,0,25634,0,0,
상용,2005년 11월,26144,0,0,0,0,26144,0,0,
상용,2005년 12월,23003,0,0,0,0,23003,0,0,
상용,2006년 01월,21294,19057,11.7,0,0,21294,0,0,
상용,2006년 02월,22947,16422,39.7,0,0,22947,0,0,
상용,2006년 03월,28483,21657,31.5,0,0,28483,0,0,
상용,2006년 04월,28398,21843,30,0,0,28398,0,0,
상용,2006년 05월,28173,22777,23.7,0,0,28173,0,0,
상용,2006년 06월,26663,21641,23.2,0,0,26663,0,0,
상용,2006년 07월,25707,20352,26.3,0,0,25707,0,0,
상용,2006년 08월,26687,22759,17.3,0,0,26687,0,0,
상용,2006년 09월,28302,23330,21.3,0,0,28302,0,0,
상용,2006년 10월,26102,25634,1.8,0,0,26102,0,0,
상용,2006년 11월,25651,26144,-1.9,0,0,25651,0,0,
상용,2006년 12월,22963,23003,-0.2,0,0,22963,0,0,
상용,2007년 01월,23968,21294,12.6,0,0,23968,0,0,
상용,2007년 02월,20202,22947,-12,0,0,20202,0,0,
상용,2007년 03월,26021,28483,-8.6,0,0,26021,0,0,
상용,2007년 04월,28682,28398,1,0,0,28682,0,0,
상용,2007년 05월,27583,28173,-2.1,0,0,27583,0,0,
상용,2007년 06월,26944,26663,1.1,0,0,26944,0,0,
상용,2007년 07월,26498,25707,3.1,0,0,26498,0,0,
상용,2007년 08월,26753,26687,0.2,0,0,26753,0,0,
상용,2007년 09월,26758,28302,-5.5,0,0,26758,0,0,
상용,2007년 10월,31182,26102,19.5,0,0,31182,0,0,
상용,2007년 11월,30186,25651,17.7,0,0,30186,0,0,
상용,2007년 12월,26736,22963,16.4,0,0,26736,0,0,
상용,2008년 01월,28261,23968,17.9,0,0,28261,0,0,
상용,2008년 02월,23025,20202,14,0,0,23025,0,0,
상용,2008년 03월,31260,26021,20.1,0,0,31260,0,0,
상용,2008년 04월,30038,28682,4.7,0,0,30038,0,0,
상용,2008년 05월,28675,27583,4,0,0,28675,0,0,
상용,2008년 06월,26196,26944,-2.8,0,0,26196,0,0,
상용,2008년 07월,24898,26498,-6,0,0,24898,0,0,
상용,2008년 08월,26014,26753,-2.8,0,0,26014,0,0,
상용,2008년 09월,26843,26758,0.3,0,0,26843,0,0,
상용,2008년 10월,29121,31182,-6.6,0,0,29121,0,0,
상용,2008년 11월,27637,30186,-8.4,0,0,27637,0,0,
상용,2008년 12월,23441,26736,-12.3,0,0,23441,0,0,
상용,2009년 01월,20545,28261,-27.3,0,0,20545,0,0,
상용,2009년 02월,20987,23025,-8.9,0,0,20987,0,0,
상용,2009년 03월,25164,31260,-19.5,0,0,25164,0,0,
상용,2009년 04월,22381,30038,-25.5,0,0,22381,0,0,
상용,2009년 05월,23464,28675,-18.2,0,0,23464,0,0,
상용,2009년 06월,22897,26196,-12.6,0,0,22897,0,0,
상용,2009년 07월,22007,24898,-11.6,0,0,22007,0,0,
상용,2009년 08월,22855,26014,-12.1,0,0,22855,0,0,
상용,2009년 09월,23048,26843,-14.1,0,0,23048,0,0,
상용,2009년 10월,25604,29121,-12.1,0,0,25604,0,0,
상용,2009년 11월,25758,27637,-6.8,0,0,25758,0,0,
상용,2009년 12월,22601,23441,-3.6,0,0,22601,0,0,
상용,2010년 01월,22896,20545,11.4,0,0,22896,0,0,
상용,2010년 02월,17544,20987,-16.4,0,0,17544,0,0,
상용,2010년 03월,26559,25164,5.5,0,0,26559,0,0,
상용,2010년 04월,25467,22381,13.8,0,0,25467,0,0,
상용,2010년 05월,24726,23464,5.4,0,0,24726,0,0,
상용,2010년 06월,24204,22897,5.7,0,0,24204,0,0,
상용,2010년 07월,21396,22007,-2.8,0,0,21396,0,0,
상용,2010년 08월,23100,22855,1.1,0,0,23100,0,0,
상용,2010년 09월,22352,23048,-3,0,0,22352,0,0,
상용,2010년 10월,25750,25604,0.6,0,0,25750,0,0,
상용,2010년 11월,25099,25758,-2.6,0,0,25099,0,0,
상용,2010년 12월,19973,22601,-11.6,0,0,19973,0,0,
상용,2011년 01월,19760,22896,-13.7,0,0,19760,0,0,
상용,2011년 02월,17579,17544,0.2,0,0,17579,0,0,
상용,2011년 03월,20839,26559,-21.5,0,0,20839,0,0,
상용,2011년 04월,20734,25467,-18.6,0,0,20734,0,0,
상용,2011년 05월,22453,24726,-9.2,0,0,22453,0,0,
상용,2011년 06월,20637,24204,-14.7,0,0,20637,0,0,
상용,2011년 07월,19851,21396,-7.2,0,0,19851,0,0,
상용,2011년 08월,19770,23100,-14.4,0,0,19770,0,0,
상용,2011년 09월,20641,22352,-7.7,0,0,20641,0,0,
상용,2011년 10월,22640,25750,-12.1,0,0,22640,0,0,
상용,2011년 11월,22024,25099,-12.3,0,0,22024,0,0,
상용,2011년 12월,16950,19973,-15.1,0,0,16950,0,0,
상용,2012년 01월,15627,19760,-20.9,0,0,15627,0,0,
상용,2012년 02월,16268,17579,-7.5,0,0,16268,0,0,
상용,2012년 03월,19443,20839,-6.7,0,0,19443,0,0,
상용,2012년 04월,19770,20734,-4.6,0,0,19770,0,0,
상용,2012년 05월,20064,22453,-10.6,0,0,20064,0,0,
상용,2012년 06월,17820,20637,-13.7,0,0,17820,0,0,
상용,2012년 07월,17339,19851,-12.7,0,0,17339,0,0,
상용,2012년 08월,16441,19770,-16.8,0,0,16441,0,0,
상용,2012년 09월,17253,20641,-16.4,0,0,17253,0,0,
상용,2012년 10월,21250,22640,-6.1,0,0,21250,0,0,
상용,2012년 11월,18968,22024,-13.9,0,0,18968,0,0,
상용,2012년 12월,15621,16950,-7.8,0,0,15621,0,0,
상용,2013년 01월,17332,15627,10.9,0,0,17332,0,0,
상용,2013년 02월,13914,16268,-14.5,0,0,13914,0,0,
상용,2013년 03월,18466,19443,-5,0,0,18466,0,0,
상용,2013년 04월,20386,19770,3.1,0,0,20386,0,0,
상용,2013년 05월,31191,20064,55.5,0,0,31191,0,0,
상용,2013년 06월,35073,17820,96.8,0,0,35073,0,0,
상용,2013년 07월,38214,17339,120.4,0,0,38214,0,0,
상용,2013년 08월,30580,16441,86,0,0,30580,0,0,
상용,2013년 09월,29495,17253,71,0,0,29495,0,0,
상용,2013년 10월,23585,21250,11,0,0,23585,0,0,
상용,2013년 11월,20654,18968,8.9,0,0,20654,0,0,
상용,2013년 12월,18179,15621,16.4,0,0,18179,0,0,
상용,2014년 01월,16973,17332,-2.1,0,0,16973,0,0,
상용,2014년 02월,17672,13914,27,0,0,17672,0,0,
상용,2014년 03월,21546,18466,16.7,0,0,21546,0,0,
상용,2014년 04월,19238,20386,-5.6,0,0,19238,0,0,
상용,2014년 05월,25404,31191,-18.6,0,0,25404,0,0,
상용,2014년 06월,22712,35073,-35.2,0,0,22712,0,0,
상용,2014년 07월,34789,38214,-9,0,0,34789,0,0,
상용,2014년 08월,22517,30580,-26.4,0,0,22517,0,0,
상용,2014년 09월,31540,29495,6.9,0,0,31540,0,0,
상용,2014년 10월,23004,23585,-2.5,0,0,23004,0,0,
상용,2014년 11월,19752,20654,-4.4,0,0,19752,0,0,
상용,2014년 12월,15647,18179,-13.9,0,0,15647,0,0,
상용,2015년 01월,17686,16973,4.2,0,0,17686,0,0,
상용,2015년 02월,14354,17672,-18.8,0,0,14354,0,0,
상용,2015년 03월,18549,21546,-13.9,0,0,18549,0,0,
상용,2015년 04월,17326,19238,-9.9,0,0,17326,0,0,
상용,2015년 05월,19010,25404,-25.2,0,0,19010,0,0,
상용,2015년 06월,12347,22712,-45.6,0,0,12347,0,0,
상용,2015년 07월,12867,34789,-63,0,0,12867,0,0,
상용,2015년 08월,17385,22517,-22.8,0,0,17385,0,0,
상용,2015년 09월,16514,31540,-47.6,0,0,16514,0,0,
상용,2015년 10월,18270,23004,-20.6,0,0,18270,0,0,
상용,2015년 11월,17211,19752,-12.9,0,0,17211,0,0,
상용,2015년 12월,13806,15647,-11.8,0,0,13806,0,0,
상용,2016년 01월,15867,17686,-10.3,0,0,15867,0,0,
상용,2016년 02월,13629,14354,-5.1,0,0,13629,0,0,
상용,2016년 03월,16149,18549,-12.9,0,0,16149,0,0,
상용,2016년 04월,16162,17326,-6.7,0,0,16162,0,0,
상용,2016년 05월,17810,19010,-6.3,0,0,17810,0,0,
상용,2016년 06월,14938,12347,21,0,0,14938,0,0,
상용,2016년 07월,14633,12867,13.7,0,0,14633,0,0,
상용,2016년 08월,15957,17385,-8.2,0,0,15957,0,0,
상용,2016년 09월,15556,16514,-5.8,0,0,15556,0,0,
상용,2016년 10월,16982,18270,-7,0,0,16982,0,0,
상용,2016년 11월,16713,17211,-2.9,0,0,16713,0,0,
상용,2016년 12월,13111,13806,-5,0,0,13111,0,0,
상용,2017년 01월,15248,15867,-3.9,0,0,15248,0,0,
상용,2017년 02월,13790,13629,1.2,0,0,13790,0,0,
상용,2017년 03월,16551,16149,2.5,0,0,16551,0,0,
상용,2017년 04월,14903,16162,-7.8,0,0,14903,0,0,
상용,2017년 05월,16530,17810,-7.2,0,0,16530,0,0,
상용,2017년 06월,13259,14938,-11.2,0,0,13259,0,0,
상용,2017년 07월,14145,14633,-3.3,0,0,14145,0,0,
상용,2017년 08월,14129,15957,-11.5,0,0,14129,0,0,
상용,2017년 09월,13908,15556,-10.6,0,0,13908,0,0,
상용,2017년 10월,16146,16982,-4.9,0,0,16146,0,0,
상용,2017년 11월,15306,16713,-8.4,0,0,15306,0,0,
상용,2017년 12월,13156,13111,0.3,0,0,13156,0,0,
상용,2018년 01월,14663,15248,-3.8,0,0,14663,0,0,
상용,2018년 02월,11323,13790,-17.9,0,0,11323,0,0,
상용,2018년 03월,14678,16551,-11.3,0,0,14678,0,0,
상용,2018년 04월,15462,14903,3.8,0,0,15462,0,0,
상용,2018년 05월,15568,16530,-5.8,0,0,15568,0,0,
상용,2018년 06월,13647,13259,2.9,0,0,13647,0,0,
상용,2018년 07월,14602,14145,3.2,0,0,14602,0,0,
상용,2018년 08월,14347,14129,1.5,0,0,14347,0,0,
상용,2018년 09월,15785,13908,13.5,0,0,15785,0,0,
상용,2018년 10월,17118,16146,6,0,0,17118,0,0,
상용,2018년 11월,15389,15306,0.5,0,0,15389,0,0,
상용,2018년 12월,12965,13156,-1.5,0,0,12965,0,0,
상용,2019년 01월,13675,14663,-6.7,0,0,13675,0,0,
상용,2019년 02월,13061,11323,15.3,0,0,13061,0,0,
상용,2019년 03월,16103,14678,9.7,0,0,16103,0,0,
상용,2019년 04월,14794,15462,-4.3,0,0,14794,0,0,
상용,2019년 05월,15020,15568,-3.5,0,0,15020,0,0,
상용,2019년 06월,15006,13647,10,0,0,15006,0,0,
상용,2019년 07월,14158,14602,-3,0,0,14158,0,0,
상용,2019년 08월,14575,14347,1.6,0,0,14575,0,0,
상용,2019년 09월,16668,15785,5.6,0,0,16668,0,0,
상용,2019년 10월,16070,17118,-6.1,0,0,16070,0,0,
상용,2019년 11월,16028,15389,4.2,0,0,16028,0,0,
상용,2019년 12월,13287,12965,2.5,0,0,13287,0,0,
상용,2020년 01월,13149,13675,-3.8,0,0,13149,0,0,
상용,2020년 02월,6957,13061,-46.7,0,0,6957,0,0,
상용,2020년 03월,1177,16103,-92.7,0,0,1177,0,0,
상용,2020년 04월,283,14794,-98.1,0,0,283,0,0,
상용,2020년 05월,435,15020,-97.1,0,0,435,0,0,
상용,2020년 06월,604,15006,-96,0,0,604,0,0,
상용,2020년 07월,827,14158,-94.2,0,0,827,0,0,
상용,2020년 08월,1187,14575,-91.9,0,0,1187,0,0,
상용,2020년 09월,1066,16668,-93.6,0,0,1066,0,0,
상용,2020년 10월,1265,16070,-92.1,0,0,1265,0,0,
상용,2020년 11월,1387,16028,-91.3,0,0,1387,0,0,
상용,2020년 12월,1172,13287,-91.2,0,0,1172,0,0,
상용,2021년 01월,1547,13149,-88.2,0,0,1547,0,0,
상용,2021년 02월,1156,6957,-83.4,0,0,1156,0,0,
상용,2021년 03월,1386,1177,17.8,0,0,1386,0,0,
상용,2021년 04월,1635,283,477.7,0,0,1635,0,0,
상용,2021년 05월,1482,435,240.7,0,0,1482,0,0,
상용,2021년 06월,1586,604,162.6,0,0,1586,0,0,
상용,2021년 07월,1601,827,93.6,0,0,1601,0,0,
상용,2021년 08월,2059,1187,73.5,0,0,2059,0,0,
상용,2021년 09월,1895,1066,77.8,0,0,1895,0,0,
상용,2021년 10월,2397,1265,89.5,0,0,2397,0,0,
상용,2021년 11월,2791,1387,101.2,0,0,2791,0,0,
상용,2021년 12월,1755,1172,49.7,0,0,1755,0,0,
상용,2022년 01월,2110,1547,36.4,0,0,2110,0,0,
상용,2022년 02월,2135,1156,84.7,0,0,2135,0,0,
상용,2022년 03월,2284,1386,64.8,0,0,2284,0,0,
상용,2022년 04월,3259,1635,99.3,0,0,3259,0,0,
상용,소계,3781375,3756021,0.7,2.2,0,3781375,0,0,
공용,2005년 01월,3033,0,0,0,0,0,3033,0,
공용,2005년 02월,2369,0,0,0,0,0,2369,0,
공용,2005년 03월,2418,0,0,0,0,0,2418,0,
공용,2005년 04월,3660,0,0,0,0,0,3660,0,
공용,2005년 05월,3236,0,0,0,0,0,3236,0,
공용,2005년 06월,3194,0,0,0,0,0,3194,0,
공용,2005년 07월,4057,0,0,0,0,0,4057,0,
공용,2005년 08월,4057,0,0,0,0,0,4057,0,
공용,2005년 09월,3010,0,0,0,0,0,3010,0,
공용,2005년 10월,3099,0,0,0,0,0,3099,0,
공용,2005년 11월,4814,0,0,0,0,0,4814,0,
공용,2005년 12월,2853,0,0,0,0,0,2853,0,
공용,2006년 01월,2867,3033,-5.5,0,0,0,2867,0,
공용,2006년 02월,2268,2369,-4.3,0,0,0,2268,0,
공용,2006년 03월,2330,2418,-3.6,0,0,0,2330,0,
공용,2006년 04월,3615,3660,-1.2,0,0,0,3615,0,
공용,2006년 05월,2777,3236,-14.2,0,0,0,2777,0,
공용,2006년 06월,2875,3194,-10,0,0,0,2875,0,
공용,2006년 07월,3779,4057,-6.9,0,0,0,3779,0,
공용,2006년 08월,3916,4057,-3.5,0,0,0,3916,0,
공용,2006년 09월,3075,3010,2.2,0,0,0,3075,0,
공용,2006년 10월,3290,3099,6.2,0,0,0,3290,0,
공용,2006년 11월,3362,4814,-30.2,0,0,0,3362,0,
공용,2006년 12월,2312,2853,-19,0,0,0,2312,0,
공용,2007년 01월,3044,2867,6.2,0,0,0,3044,0,
공용,2007년 02월,2047,2268,-9.7,0,0,0,2047,0,
공용,2007년 03월,2242,2330,-3.8,0,0,0,2242,0,
공용,2007년 04월,3745,3615,3.6,0,0,0,3745,0,
공용,2007년 05월,3075,2777,10.7,0,0,0,3075,0,
공용,2007년 06월,2877,2875,0.1,0,0,0,2877,0,
공용,2007년 07월,4107,3779,8.7,0,0,0,4107,0,
공용,2007년 08월,3971,3916,1.4,0,0,0,3971,0,
공용,2007년 09월,2929,3075,-4.7,0,0,0,2929,0,
공용,2007년 10월,3053,3290,-7.2,0,0,0,3053,0,
공용,2007년 11월,3518,3362,4.6,0,0,0,3518,0,
공용,2007년 12월,2452,2312,6.1,0,0,0,2452,0,
공용,2008년 01월,3041,3044,-0.1,0,0,0,3041,0,
공용,2008년 02월,2222,2047,8.5,0,0,0,2222,0,
공용,2008년 03월,2390,2242,6.6,0,0,0,2390,0,
공용,2008년 04월,3410,3745,-8.9,0,0,0,3410,0,
공용,2008년 05월,3332,3075,8.4,0,0,0,3332,0,
공용,2008년 06월,3063,2877,6.5,0,0,0,3063,0,
공용,2008년 07월,3655,4107,-11,0,0,0,3655,0,
공용,2008년 08월,4094,3971,3.1,0,0,0,4094,0,
공용,2008년 09월,2744,2929,-6.3,0,0,0,2744,0,
공용,2008년 10월,2647,3053,-13.3,0,0,0,2647,0,
공용,2008년 11월,3204,3518,-8.9,0,0,0,3204,0,
공용,2008년 12월,2662,2452,8.6,0,0,0,2662,0,
공용,2009년 01월,2764,3041,-9.1,0,0,0,2764,0,
공용,2009년 02월,2352,2222,5.9,0,0,0,2352,0,
공용,2009년 03월,2141,2390,-10.4,0,0,0,2141,0,
공용,2009년 04월,3402,3410,-0.2,0,0,0,3402,0,
공용,2009년 05월,3032,3332,-9,0,0,0,3032,0,
공용,2009년 06월,2651,3063,-13.5,0,0,0,2651,0,
공용,2009년 07월,3263,3655,-10.7,0,0,0,3263,0,
공용,2009년 08월,3510,4094,-14.3,0,0,0,3510,0,
공용,2009년 09월,2392,2744,-12.8,0,0,0,2392,0,
공용,2009년 10월,2819,2647,6.5,0,0,0,2819,0,
공용,2009년 11월,3862,3204,20.5,0,0,0,3862,0,
공용,2009년 12월,2633,2662,-1.1,0,0,0,2633,0,
공용,2010년 01월,2738,2764,-0.9,0,0,0,2738,0,
공용,2010년 02월,1826,2352,-22.4,0,0,0,1826,0,
공용,2010년 03월,2369,2141,10.6,0,0,0,2369,0,
공용,2010년 04월,3276,3402,-3.7,0,0,0,3276,0,
공용,2010년 05월,3490,3032,15.1,0,0,0,3490,0,
공용,2010년 06월,3313,2651,25,0,0,0,3313,0,
공용,2010년 07월,2630,3263,-19.4,0,0,0,2630,0,
공용,2010년 08월,2841,3510,-19.1,0,0,0,2841,0,
공용,2010년 09월,2260,2392,-5.5,0,0,0,2260,0,
공용,2010년 10월,2496,2819,-11.5,0,0,0,2496,0,
공용,2010년 11월,3106,3862,-19.6,0,0,0,3106,0,
공용,2010년 12월,1706,2633,-35.2,0,0,0,1706,0,
공용,2011년 01월,2039,2738,-25.5,0,0,0,2039,0,
공용,2011년 02월,1342,1826,-26.5,0,0,0,1342,0,
공용,2011년 03월,1436,2369,-39.4,0,0,0,1436,0,
공용,2011년 04월,2437,3276,-25.6,0,0,0,2437,0,
공용,2011년 05월,2333,3490,-33.2,0,0,0,2333,0,
공용,2011년 06월,2121,3313,-36,0,0,0,2121,0,
공용,2011년 07월,2435,2630,-7.4,0,0,0,2435,0,
공용,2011년 08월,2650,2841,-6.7,0,0,0,2650,0,
공용,2011년 09월,2182,2260,-3.5,0,0,0,2182,0,
공용,2011년 10월,2835,2496,13.6,0,0,0,2835,0,
공용,2011년 11월,2936,3106,-5.5,0,0,0,2936,0,
공용,2011년 12월,1970,1706,15.5,0,0,0,1970,0,
공용,2012년 01월,1885,2039,-7.6,0,0,0,1885,0,
공용,2012년 02월,1485,1342,10.7,0,0,0,1485,0,
공용,2012년 03월,3225,1436,124.6,0,0,0,3225,0,
공용,2012년 04월,2501,2437,2.6,0,0,0,2501,0,
공용,2012년 05월,2625,2333,12.5,0,0,0,2625,0,
공용,2012년 06월,2438,2121,14.9,0,0,0,2438,0,
공용,2012년 07월,3067,2435,26,0,0,0,3067,0,
공용,2012년 08월,2633,2650,-0.6,0,0,0,2633,0,
공용,2012년 09월,2318,2182,6.2,0,0,0,2318,0,
공용,2012년 10월,3081,2835,8.7,0,0,0,3081,0,
공용,2012년 11월,2481,2936,-15.5,0,0,0,2481,0,
공용,2012년 12월,1937,1970,-1.7,0,0,0,1937,0,
공용,2013년 01월,2214,1885,17.5,0,0,0,2214,0,
공용,2013년 02월,1421,1485,-4.3,0,0,0,1421,0,
공용,2013년 03월,1855,3225,-42.5,0,0,0,1855,0,
공용,2013년 04월,2341,2501,-6.4,0,0,0,2341,0,
공용,2013년 05월,2267,2625,-13.6,0,0,0,2267,0,
공용,2013년 06월,2276,2438,-6.6,0,0,0,2276,0,
공용,2013년 07월,2811,3067,-8.3,0,0,0,2811,0,
공용,2013년 08월,2660,2633,1,0,0,0,2660,0,
공용,2013년 09월,2615,2318,12.8,0,0,0,2615,0,
공용,2013년 10월,3288,3081,6.7,0,0,0,3288,0,
공용,2013년 11월,3735,2481,50.5,0,0,0,3735,0,
공용,2013년 12월,3340,1937,72.4,0,0,0,3340,0,
공용,2014년 01월,2676,2214,20.9,0,0,0,2676,0,
공용,2014년 02월,2280,1421,60.5,0,0,0,2280,0,
공용,2014년 03월,2885,1855,55.5,0,0,0,2885,0,
공용,2014년 04월,3732,2341,59.4,0,0,0,3732,0,
공용,2014년 05월,3475,2267,53.3,0,0,0,3475,0,
공용,2014년 06월,3493,2276,53.5,0,0,0,3493,0,
공용,2014년 07월,3652,2811,29.9,0,0,0,3652,0,
공용,2014년 08월,4147,2660,55.9,0,0,0,4147,0,
공용,2014년 09월,4759,2615,82,0,0,0,4759,0,
공용,2014년 10월,5503,3288,67.4,0,0,0,5503,0,
공용,2014년 11월,4481,3735,20,0,0,0,4481,0,
공용,2014년 12월,3400,3340,1.8,0,0,0,3400,0,
공용,2015년 01월,3094,2676,15.6,0,0,0,3094,0,
공용,2015년 02월,2256,2280,-1.1,0,0,0,2256,0,
공용,2015년 03월,3241,2885,12.3,0,0,0,3241,0,
공용,2015년 04월,4913,3732,31.6,0,0,0,4913,0,
공용,2015년 05월,4679,3475,34.6,0,0,0,4679,0,
공용,2015년 06월,3122,3493,-10.6,0,0,0,3122,0,
공용,2015년 07월,3734,3652,2.2,0,0,0,3734,0,
공용,2015년 08월,4207,4147,1.4,0,0,0,4207,0,
공용,2015년 09월,4442,4759,-6.7,0,0,0,4442,0,
공용,2015년 10월,5404,5503,-1.8,0,0,0,5404,0,
공용,2015년 11월,5717,4481,27.6,0,0,0,5717,0,
공용,2015년 12월,3460,3400,1.8,0,0,0,3460,0,
공용,2016년 01월,3316,3094,7.2,0,0,0,3316,0,
공용,2016년 02월,2549,2256,13,0,0,0,2549,0,
공용,2016년 03월,3445,3241,6.3,0,0,0,3445,0,
공용,2016년 04월,4793,4913,-2.4,0,0,0,4793,0,
공용,2016년 05월,4844,4679,3.5,0,0,0,4844,0,
공용,2016년 06월,4431,3122,41.9,0,0,0,4431,0,
공용,2016년 07월,4965,3734,33,0,0,0,4965,0,
공용,2016년 08월,4558,4207,8.3,0,0,0,4558,0,
공용,2016년 09월,4422,4442,-0.5,0,0,0,4422,0,
공용,2016년 10월,5082,5404,-6,0,0,0,5082,0,
공용,2016년 11월,4906,5717,-14.2,0,0,0,4906,0,
공용,2016년 12월,4156,3460,20.1,0,0,0,4156,0,
공용,2017년 01월,3649,3316,10,0,0,0,3649,0,
공용,2017년 02월,3003,2549,17.8,0,0,0,3003,0,
공용,2017년 03월,3312,3445,-3.9,0,0,0,3312,0,
공용,2017년 04월,5270,4793,10,0,0,0,5270,0,
공용,2017년 05월,4293,4844,-11.4,0,0,0,4293,0,
공용,2017년 06월,4069,4431,-8.2,0,0,0,4069,0,
공용,2017년 07월,5334,4965,7.4,0,0,0,5334,0,
공용,2017년 08월,5190,4558,13.9,0,0,0,5190,0,
공용,2017년 09월,5367,4422,21.4,0,0,0,5367,0,
공용,2017년 10월,5192,5082,2.2,0,0,0,5192,0,
공용,2017년 11월,5873,4906,19.7,0,0,0,5873,0,
공용,2017년 12월,4338,4156,4.4,0,0,0,4338,0,
공용,2018년 01월,4126,3649,13.1,0,0,0,4126,0,
공용,2018년 02월,3669,3003,22.2,0,0,0,3669,0,
공용,2018년 03월,4029,3312,21.6,0,0,0,4029,0,
공용,2018년 04월,5434,5270,3.1,0,0,0,5434,0,
공용,2018년 05월,5271,4293,22.8,0,0,0,5271,0,
공용,2018년 06월,4822,4069,18.5,0,0,0,4822,0,
공용,2018년 07월,5372,5334,0.7,0,0,0,5372,0,
공용,2018년 08월,5196,5190,0.1,0,0,0,5196,0,
공용,2018년 09월,5633,5367,5,0,0,0,5633,0,
공용,2018년 10월,5775,5192,11.2,0,0,0,5775,0,
공용,2018년 11월,6359,5873,8.3,0,0,0,6359,0,
공용,2018년 12월,5331,4338,22.9,0,0,0,5331,0,
공용,2019년 01월,4439,4126,7.6,0,0,0,4439,0,
공용,2019년 02월,3789,3669,3.3,0,0,0,3789,0,
공용,2019년 03월,5139,4029,27.6,0,0,0,5139,0,
공용,2019년 04월,6914,5434,27.2,0,0,0,6914,0,
공용,2019년 05월,6457,5271,22.5,0,0,0,6457,0,
공용,2019년 06월,7327,4822,51.9,0,0,0,7327,0,
공용,2019년 07월,6463,5372,20.3,0,0,0,6463,0,
공용,2019년 08월,6388,5196,22.9,0,0,0,6388,0,
공용,2019년 09월,6903,5633,22.5,0,0,0,6903,0,
공용,2019년 10월,6944,5775,20.2,0,0,0,6944,0,
공용,2019년 11월,7115,6359,11.9,0,0,0,7115,0,
공용,2019년 12월,6332,5331,18.8,0,0,0,6332,0,
공용,2020년 01월,5648,4439,27.2,0,0,0,5648,0,
공용,2020년 02월,3499,3789,-7.7,0,0,0,3499,0,
공용,2020년 03월,824,5139,-84,0,0,0,824,0,
공용,2020년 04월,296,6914,-95.7,0,0,0,296,0,
공용,2020년 05월,253,6457,-96.1,0,0,0,253,0,
공용,2020년 06월,510,7327,-93,0,0,0,510,0,
공용,2020년 07월,1298,6463,-79.9,0,0,0,1298,0,
공용,2020년 08월,1112,6388,-82.6,0,0,0,1112,0,
공용,2020년 09월,815,6903,-88.2,0,0,0,815,0,
공용,2020년 10월,681,6944,-90.2,0,0,0,681,0,
공용,2020년 11월,864,7115,-87.9,0,0,0,864,0,
공용,2020년 12월,771,6332,-87.8,0,0,0,771,0,
공용,2021년 01월,1036,5648,-81.7,0,0,0,1036,0,
공용,2021년 02월,666,3499,-81,0,0,0,666,0,
공용,2021년 03월,837,824,1.6,0,0,0,837,0,
공용,2021년 04월,829,296,180.1,0,0,0,829,0,
공용,2021년 05월,1110,253,338.7,0,0,0,1110,0,
공용,2021년 06월,1423,510,179,0,0,0,1423,0,
공용,2021년 07월,2418,1298,86.3,0,0,0,2418,0,
공용,2021년 08월,2741,1112,146.5,0,0,0,2741,0,
공용,2021년 09월,1725,815,111.7,0,0,0,1725,0,
공용,2021년 10월,2193,681,222,0,0,0,2193,0,
공용,2021년 11월,1876,864,117.1,0,0,0,1876,0,
공용,2021년 12월,1831,771,137.5,0,0,0,1831,0,
공용,2022년 01월,1957,1036,88.9,0,0,0,1957,0,
공용,2022년 02월,1222,666,83.5,0,0,0,1222,0,
공용,2022년 03월,1509,837,80.3,0,0,0,1509,0,
공용,2022년 04월,1960,829,136.4,0,0,0,1960,0,
공용,소계,680117,658152,3.3,0.4,0,0,680117,0,
유학연수,2005년 01월,1903,0,0,0,0,0,0,1903,
유학연수,2005년 02월,7500,0,0,0,0,0,0,7500,
유학연수,2005년 03월,4183,0,0,0,0,0,0,4183,
유학연수,2005년 04월,1255,0,0,0,0,0,0,1255,
유학연수,2005년 05월,1005,0,0,0,0,0,0,1005,
유학연수,2005년 06월,1393,0,0,0,0,0,0,1393,
유학연수,2005년 07월,2102,0,0,0,0,0,0,2102,
유학연수,2005년 08월,7616,0,0,0,0,0,0,7616,
유학연수,2005년 09월,4643,0,0,0,0,0,0,4643,
유학연수,2005년 10월,1545,0,0,0,0,0,0,1545,
유학연수,2005년 11월,1362,0,0,0,0,0,0,1362,
유학연수,2005년 12월,1385,0,0,0,0,0,0,1385,
유학연수,2006년 01월,2246,1903,18,0,0,0,0,2246,
유학연수,2006년 02월,11162,7500,48.8,0,0,0,0,11162,
유학연수,2006년 03월,5994,4183,43.3,0,0,0,0,5994,
유학연수,2006년 04월,1461,1255,16.4,0,0,0,0,1461,
유학연수,2006년 05월,1340,1005,33.3,0,0,0,0,1340,
유학연수,2006년 06월,2031,1393,45.8,0,0,0,0,2031,
유학연수,2006년 07월,2835,2102,34.9,0,0,0,0,2835,
유학연수,2006년 08월,10108,7616,32.7,0,0,0,0,10108,
유학연수,2006년 09월,7237,4643,55.9,0,0,0,0,7237,
유학연수,2006년 10월,3688,1545,138.7,0,0,0,0,3688,
유학연수,2006년 11월,1678,1362,23.2,0,0,0,0,1678,
유학연수,2006년 12월,2693,1385,94.4,0,0,0,0,2693,
유학연수,2007년 01월,3586,2246,59.7,0,0,0,0,3586,
유학연수,2007년 02월,13585,11162,21.7,0,0,0,0,13585,
유학연수,2007년 03월,12719,5994,112.2,0,0,0,0,12719,
유학연수,2007년 04월,2676,1461,83.2,0,0,0,0,2676,
유학연수,2007년 05월,2187,1340,63.2,0,0,0,0,2187,
유학연수,2007년 06월,3752,2031,84.7,0,0,0,0,3752,
유학연수,2007년 07월,4099,2835,44.6,0,0,0,0,4099,
유학연수,2007년 08월,15362,10108,52,0,0,0,0,15362,
유학연수,2007년 09월,10898,7237,50.6,0,0,0,0,10898,
유학연수,2007년 10월,4723,3688,28.1,0,0,0,0,4723,
유학연수,2007년 11월,3015,1678,79.7,0,0,0,0,3015,
유학연수,2007년 12월,3876,2693,43.9,0,0,0,0,3876,
유학연수,2008년 01월,4053,3586,13,0,0,0,0,4053,
유학연수,2008년 02월,23934,13585,76.2,0,0,0,0,23934,
유학연수,2008년 03월,11854,12719,-6.8,0,0,0,0,11854,
유학연수,2008년 04월,2758,2676,3.1,0,0,0,0,2758,
유학연수,2008년 05월,3029,2187,38.5,0,0,0,0,3029,
유학연수,2008년 06월,4358,3752,16.2,0,0,0,0,4358,
유학연수,2008년 07월,4351,4099,6.1,0,0,0,0,4351,
유학연수,2008년 08월,23123,15362,50.5,0,0,0,0,23123,
유학연수,2008년 09월,11120,10898,2,0,0,0,0,11120,
유학연수,2008년 10월,3664,4723,-22.4,0,0,0,0,3664,
유학연수,2008년 11월,2910,3015,-3.5,0,0,0,0,2910,
유학연수,2008년 12월,3798,3876,-2,0,0,0,0,3798,
유학연수,2009년 01월,4876,4053,20.3,0,0,0,0,4876,
유학연수,2009년 02월,34204,23934,42.9,0,0,0,0,34204,
유학연수,2009년 03월,11146,11854,-6,0,0,0,0,11146,
유학연수,2009년 04월,2904,2758,5.3,0,0,0,0,2904,
유학연수,2009년 05월,4083,3029,34.8,0,0,0,0,4083,
유학연수,2009년 06월,4704,4358,7.9,0,0,0,0,4704,
유학연수,2009년 07월,5555,4351,27.7,0,0,0,0,5555,
유학연수,2009년 08월,31370,23123,35.7,0,0,0,0,31370,
유학연수,2009년 09월,11506,11120,3.5,0,0,0,0,11506,
유학연수,2009년 10월,5120,3664,39.7,0,0,0,0,5120,
유학연수,2009년 11월,3537,2910,21.5,0,0,0,0,3537,
유학연수,2009년 12월,4007,3798,5.5,0,0,0,0,4007,
유학연수,2010년 01월,5118,4876,5,0,0,0,0,5118,
유학연수,2010년 02월,35660,34204,4.3,0,0,0,0,35660,
유학연수,2010년 03월,17586,11146,57.8,0,0,0,0,17586,
유학연수,2010년 04월,2997,2904,3.2,0,0,0,0,2997,
유학연수,2010년 05월,4038,4083,-1.1,0,0,0,0,4038,
유학연수,2010년 06월,4766,4704,1.3,0,0,0,0,4766,
유학연수,2010년 07월,6194,5555,11.5,0,0,0,0,6194,
유학연수,2010년 08월,34879,31370,11.2,0,0,0,0,34879,
유학연수,2010년 09월,14274,11506,24.1,0,0,0,0,14274,
유학연수,2010년 10월,4131,5120,-19.3,0,0,0,0,4131,
유학연수,2010년 11월,3477,3537,-1.7,0,0,0,0,3477,
유학연수,2010년 12월,4776,4007,19.2,0,0,0,0,4776,
유학연수,2011년 01월,4987,5118,-2.6,0,0,0,0,4987,
유학연수,2011년 02월,42644,35660,19.6,0,0,0,0,42644,
유학연수,2011년 03월,15417,17586,-12.3,0,0,0,0,15417,
유학연수,2011년 04월,3821,2997,27.5,0,0,0,0,3821,
유학연수,2011년 05월,5387,4038,33.4,0,0,0,0,5387,
유학연수,2011년 06월,5699,4766,19.6,0,0,0,0,5699,
유학연수,2011년 07월,6889,6194,11.2,0,0,0,0,6889,
유학연수,2011년 08월,34460,34879,-1.2,0,0,0,0,34460,
유학연수,2011년 09월,15593,14274,9.2,0,0,0,0,15593,
유학연수,2011년 10월,5180,4131,25.4,0,0,0,0,5180,
유학연수,2011년 11월,4244,3477,22.1,0,0,0,0,4244,
유학연수,2011년 12월,5402,4776,13.1,0,0,0,0,5402,
유학연수,2012년 01월,8755,4987,75.6,0,0,0,0,8755,
유학연수,2012년 02월,36099,42644,-15.3,0,0,0,0,36099,
유학연수,2012년 03월,15853,15417,2.8,0,0,0,0,15853,
유학연수,2012년 04월,3727,3821,-2.5,0,0,0,0,3727,
유학연수,2012년 05월,4783,5387,-11.2,0,0,0,0,4783,
유학연수,2012년 06월,5959,5699,4.6,0,0,0,0,5959,
유학연수,2012년 07월,6792,6889,-1.4,0,0,0,0,6792,
유학연수,2012년 08월,31637,34460,-8.2,0,0,0,0,31637,
유학연수,2012년 09월,15553,15593,-0.3,0,0,0,0,15553,
유학연수,2012년 10월,6684,5180,29,0,0,0,0,6684,
유학연수,2012년 11월,4184,4244,-1.4,0,0,0,0,4184,
유학연수,2012년 12월,5607,5402,3.8,0,0,0,0,5607,
유학연수,2013년 01월,5875,8755,-32.9,0,0,0,0,5875,
유학연수,2013년 02월,33326,36099,-7.7,0,0,0,0,33326,
유학연수,2013년 03월,22538,15853,42.2,0,0,0,0,22538,
유학연수,2013년 04월,4542,3727,21.9,0,0,0,0,4542,
유학연수,2013년 05월,5901,4783,23.4,0,0,0,0,5901,
유학연수,2013년 06월,6859,5959,15.1,0,0,0,0,6859,
유학연수,2013년 07월,6628,6792,-2.4,0,0,0,0,6628,
유학연수,2013년 08월,32802,31637,3.7,0,0,0,0,32802,
유학연수,2013년 09월,17473,15553,12.3,0,0,0,0,17473,
유학연수,2013년 10월,4658,6684,-30.3,0,0,0,0,4658,
유학연수,2013년 11월,5105,4184,22,0,0,0,0,5105,
유학연수,2013년 12월,6393,5607,14,0,0,0,0,6393,
유학연수,2014년 01월,5936,5875,1,0,0,0,0,5936,
유학연수,2014년 02월,36647,33326,10,0,0,0,0,36647,
유학연수,2014년 03월,19954,22538,-11.5,0,0,0,0,19954,
유학연수,2014년 04월,4166,4542,-8.3,0,0,0,0,4166,
유학연수,2014년 05월,6680,5901,13.2,0,0,0,0,6680,
유학연수,2014년 06월,8551,6859,24.7,0,0,0,0,8551,
유학연수,2014년 07월,6636,6628,0.1,0,0,0,0,6636,
유학연수,2014년 08월,37584,32802,14.6,0,0,0,0,37584,
유학연수,2014년 09월,17295,17473,-1,0,0,0,0,17295,
유학연수,2014년 10월,5189,4658,11.4,0,0,0,0,5189,
유학연수,2014년 11월,6493,5105,27.2,0,0,0,0,6493,
유학연수,2014년 12월,8329,6393,30.3,0,0,0,0,8329,
유학연수,2015년 01월,7752,5936,30.6,0,0,0,0,7752,
유학연수,2015년 02월,36399,36647,-0.7,0,0,0,0,36399,
유학연수,2015년 03월,27129,19954,36,0,0,0,0,27129,
유학연수,2015년 04월,5556,4166,33.4,0,0,0,0,5556,
유학연수,2015년 05월,9222,6680,38.1,0,0,0,0,9222,
유학연수,2015년 06월,11462,8551,34,0,0,0,0,11462,
유학연수,2015년 07월,8477,6636,27.7,0,0,0,0,8477,
유학연수,2015년 08월,46365,37584,23.4,0,0,0,0,46365,
유학연수,2015년 09월,20035,17295,15.8,0,0,0,0,20035,
유학연수,2015년 10월,7929,5189,52.8,0,0,0,0,7929,
유학연수,2015년 11월,10109,6493,55.7,0,0,0,0,10109,
유학연수,2015년 12월,12273,8329,47.4,0,0,0,0,12273,
유학연수,2016년 01월,9352,7752,20.6,0,0,0,0,9352,
유학연수,2016년 02월,54122,36399,48.7,0,0,0,0,54122,
유학연수,2016년 03월,22176,27129,-18.3,0,0,0,0,22176,
유학연수,2016년 04월,7352,5556,32.3,0,0,0,0,7352,
유학연수,2016년 05월,13378,9222,45.1,0,0,0,0,13378,
유학연수,2016년 06월,14653,11462,27.8,0,0,0,0,14653,
유학연수,2016년 07월,11716,8477,38.2,0,0,0,0,11716,
유학연수,2016년 08월,54211,46365,16.9,0,0,0,0,54211,
유학연수,2016년 09월,25300,20035,26.3,0,0,0,0,25300,
유학연수,2016년 10월,9069,7929,14.4,0,0,0,0,9069,
유학연수,2016년 11월,11778,10109,16.5,0,0,0,0,11778,
유학연수,2016년 12월,17609,12273,43.5,0,0,0,0,17609,
유학연수,2017년 01월,10378,9352,11,0,0,0,0,10378,
유학연수,2017년 02월,59952,54122,10.8,0,0,0,0,59952,
유학연수,2017년 03월,28257,22176,27.4,0,0,0,0,28257,
유학연수,2017년 04월,9359,7352,27.3,0,0,0,0,9359,
유학연수,2017년 05월,19819,13378,48.1,0,0,0,0,19819,
유학연수,2017년 06월,18636,14653,27.2,0,0,0,0,18636,
유학연수,2017년 07월,14278,11716,21.9,0,0,0,0,14278,
유학연수,2017년 08월,61676,54211,13.8,0,0,0,0,61676,
유학연수,2017년 09월,24787,25300,-2,0,0,0,0,24787,
유학연수,2017년 10월,23411,9069,158.1,0,0,0,0,23411,
유학연수,2017년 11월,14241,11778,20.9,0,0,0,0,14241,
유학연수,2017년 12월,17858,17609,1.4,0,0,0,0,17858,
유학연수,2018년 01월,13858,10378,33.5,0,0,0,0,13858,
유학연수,2018년 02월,54618,59952,-8.9,0,0,0,0,54618,
유학연수,2018년 03월,44090,28257,56,0,0,0,0,44090,
유학연수,2018년 04월,13556,9359,44.8,0,0,0,0,13556,
유학연수,2018년 05월,19532,19819,-1.4,0,0,0,0,19532,
유학연수,2018년 06월,19732,18636,5.9,0,0,0,0,19732,
유학연수,2018년 07월,17020,14278,19.2,0,0,0,0,17020,
유학연수,2018년 08월,61752,61676,0.1,0,0,0,0,61752,
유학연수,2018년 09월,37268,24787,50.4,0,0,0,0,37268,
유학연수,2018년 10월,15180,23411,-35.2,0,0,0,0,15180,
유학연수,2018년 11월,16243,14241,14.1,0,0,0,0,16243,
유학연수,2018년 12월,19162,17858,7.3,0,0,0,0,19162,
유학연수,2019년 01월,15995,13858,15.4,0,0,0,0,15995,
유학연수,2019년 02월,64760,54618,18.6,0,0,0,0,64760,
유학연수,2019년 03월,45801,44090,3.9,0,0,0,0,45801,
유학연수,2019년 04월,13523,13556,-0.2,0,0,0,0,13523,
유학연수,2019년 05월,20702,19532,6,0,0,0,0,20702,
유학연수,2019년 06월,23818,19732,20.7,0,0,0,0,23818,
유학연수,2019년 07월,19169,17020,12.6,0,0,0,0,19169,
유학연수,2019년 08월,71128,61752,15.2,0,0,0,0,71128,
유학연수,2019년 09월,39247,37268,5.3,0,0,0,0,39247,
유학연수,2019년 10월,17414,15180,14.7,0,0,0,0,17414,
유학연수,2019년 11월,21568,16243,32.8,0,0,0,0,21568,
유학연수,2019년 12월,22536,19162,17.6,0,0,0,0,22536,
유학연수,2020년 01월,20593,15995,28.7,0,0,0,0,20593,
유학연수,2020년 02월,42065,64760,-35,0,0,0,0,42065,
유학연수,2020년 03월,14209,45801,-69,0,0,0,0,14209,
유학연수,2020년 04월,7150,13523,-47.1,0,0,0,0,7150,
유학연수,2020년 05월,2192,20702,-89.4,0,0,0,0,2192,
유학연수,2020년 06월,1860,23818,-92.2,0,0,0,0,1860,
유학연수,2020년 07월,1511,19169,-92.1,0,0,0,0,1511,
유학연수,2020년 08월,13719,71128,-80.7,0,0,0,0,13719,
유학연수,2020년 09월,7889,39247,-79.9,0,0,0,0,7889,
유학연수,2020년 10월,2117,17414,-87.8,0,0,0,0,2117,
유학연수,2020년 11월,2851,21568,-86.8,0,0,0,0,2851,
유학연수,2020년 12월,2306,22536,-89.8,0,0,0,0,2306,
유학연수,2021년 01월,2046,20593,-90.1,0,0,0,0,2046,
유학연수,2021년 02월,13164,42065,-68.7,0,0,0,0,13164,
유학연수,2021년 03월,9011,14209,-36.6,0,0,0,0,9011,
유학연수,2021년 04월,3324,7150,-53.5,0,0,0,0,3324,
유학연수,2021년 05월,3678,2192,67.8,0,0,0,0,3678,
유학연수,2021년 06월,2771,1860,49,0,0,0,0,2771,
유학연수,2021년 07월,2447,1511,61.9,0,0,0,0,2447,
유학연수,2021년 08월,22161,13719,61.5,0,0,0,0,22161,
유학연수,2021년 09월,11393,7889,44.4,0,0,0,0,11393,
유학연수,2021년 10월,2702,2117,27.6,0,0,0,0,2702,
유학연수,2021년 11월,3272,2851,14.8,0,0,0,0,3272,
유학연수,2021년 12월,4115,2306,78.4,0,0,0,0,4115,
유학연수,2022년 01월,2890,2046,41.3,0,0,0,0,2890,
유학연수,2022년 02월,25444,13164,93.3,0,0,0,0,25444,
유학연수,2022년 03월,11651,9011,29.3,0,0,0,0,11651,
유학연수,2022년 04월,3126,3324,-6,0,0,0,0,3126,
유학연수,소계,2845024,2749374,3.5,1.7,0,0,0,2845024,
기타,2005년 01월,111671,0,0,0.1,0,0,0,0,111671
기타,2005년 02월,101456,0,0,0.1,0,0,0,0,101456
기타,2005년 03월,111058,0,0,0.1,0,0,0,0,111058
기타,2005년 04월,113421,0,0,0.1,0,0,0,0,113421
기타,2005년 05월,117027,0,0,0.1,0,0,0,0,117027
기타,2005년 06월,108688,0,0,0.1,0,0,0,0,108688
기타,2005년 07월,118424,0,0,0.1,0,0,0,0,118424
기타,2005년 08월,126021,0,0,0.1,0,0,0,0,126021
기타,2005년 09월,111246,0,0,0.1,0,0,0,0,111246
기타,2005년 10월,111549,0,0,0.1,0,0,0,0,111549
기타,2005년 11월,91580,0,0,0.1,0,0,0,0,91580
기타,2005년 12월,113086,0,0,0.1,0,0,0,0,113086
기타,2006년 01월,116627,111671,4.4,0.1,0,0,0,0,116627
기타,2006년 02월,111861,101456,10.3,0.1,0,0,0,0,111861
기타,2006년 03월,110473,111058,-0.5,0.1,0,0,0,0,110473
기타,2006년 04월,148257,113421,30.7,0.1,0,0,0,0,148257
기타,2006년 05월,110781,117027,-5.3,0.1,0,0,0,0,110781
기타,2006년 06월,109169,108688,0.4,0.1,0,0,0,0,109169
기타,2006년 07월,116586,118424,-1.6,0.1,0,0,0,0,116586
기타,2006년 08월,124611,126021,-1.1,0.1,0,0,0,0,124611
기타,2006년 09월,109889,111246,-1.2,0.1,0,0,0,0,109889
기타,2006년 10월,119802,111549,7.4,0.1,0,0,0,0,119802
기타,2006년 11월,105425,91580,15.1,0.1,0,0,0,0,105425
기타,2006년 12월,106605,113086,-5.7,0.1,0,0,0,0,106605
기타,2007년 01월,109194,116627,-6.4,0.1,0,0,0,0,109194
기타,2007년 02월,99776,111861,-10.8,0.1,0,0,0,0,99776
기타,2007년 03월,119762,110473,8.4,0.1,0,0,0,0,119762
기타,2007년 04월,135331,148257,-8.7,0.1,0,0,0,0,135331
기타,2007년 05월,132307,110781,19.4,0.1,0,0,0,0,132307
기타,2007년 06월,130710,109169,19.7,0.1,0,0,0,0,130710
기타,2007년 07월,142515,116586,22.2,0.1,0,0,0,0,142515
기타,2007년 08월,160813,124611,29.1,0.1,0,0,0,0,160813
기타,2007년 09월,151833,109889,38.2,0.1,0,0,0,0,151833
기타,2007년 10월,153523,119802,28.1,0.1,0,0,0,0,153523
기타,2007년 11월,136274,105425,29.3,0.1,0,0,0,0,136274
기타,2007년 12월,148717,106605,39.5,0.1,0,0,0,0,148717
기타,2008년 01월,145914,109194,33.6,0.1,0,0,0,0,145914
기타,2008년 02월,150396,99776,50.7,0.1,0,0,0,0,150396
기타,2008년 03월,160433,119762,34,0.1,0,0,0,0,160433
기타,2008년 04월,148865,135331,10,0.1,0,0,0,0,148865
기타,2008년 05월,145522,132307,10,0.1,0,0,0,0,145522
기타,2008년 06월,138334,130710,5.8,0.1,0,0,0,0,138334
기타,2008년 07월,147453,142515,3.5,0.1,0,0,0,0,147453
기타,2008년 08월,161146,160813,0.2,0.1,0,0,0,0,161146
기타,2008년 09월,155015,151833,2.1,0.1,0,0,0,0,155015
기타,2008년 10월,165732,153523,8,0.1,0,0,0,0,165732
기타,2008년 11월,137840,136274,1.1,0.1,0,0,0,0,137840
기타,2008년 12월,131562,148717,-11.5,0.1,0,0,0,0,131562
기타,2009년 01월,137786,145914,-5.6,0.1,0,0,0,0,137786
기타,2009년 02월,155935,150396,3.7,0.1,0,0,0,0,155935
기타,2009년 03월,162255,160433,1.1,0.1,0,0,0,0,162255
기타,2009년 04월,133602,148865,-10.3,0.1,0,0,0,0,133602
기타,2009년 05월,134301,145522,-7.7,0.1,0,0,0,0,134301
기타,2009년 06월,128933,138334,-6.8,0.1,0,0,0,0,128933
기타,2009년 07월,133968,147453,-9.1,0.1,0,0,0,0,133968
기타,2009년 08월,153840,161146,-4.5,0.1,0,0,0,0,153840
기타,2009년 09월,138043,155015,-10.9,0.1,0,0,0,0,138043
기타,2009년 10월,147548,165732,-11,0.1,0,0,0,0,147548
기타,2009년 11월,129098,137840,-6.3,0.1,0,0,0,0,129098
기타,2009년 12월,141788,131562,7.8,0.1,0,0,0,0,141788
기타,2010년 01월,137855,137786,0.1,0.1,0,0,0,0,137855
기타,2010년 02월,137302,155935,-11.9,0.1,0,0,0,0,137302
기타,2010년 03월,177938,162255,9.7,0.1,0,0,0,0,177938
기타,2010년 04월,155228,133602,16.2,0.1,0,0,0,0,155228
기타,2010년 05월,171856,134301,28,0.1,0,0,0,0,171856
기타,2010년 06월,165683,128933,28.5,0.1,0,0,0,0,165683
기타,2010년 07월,183367,133968,36.9,0.1,0,0,0,0,183367
기타,2010년 08월,192666,153840,25.2,0.1,0,0,0,0,192666
기타,2010년 09월,179068,138043,29.7,0.1,0,0,0,0,179068
기타,2010년 10월,181929,147548,23.3,0.1,0,0,0,0,181929
기타,2010년 11월,148265,129098,14.8,0.1,0,0,0,0,148265
기타,2010년 12월,150522,141788,6.2,0.1,0,0,0,0,150522
기타,2011년 01월,159368,137855,15.6,0.1,0,0,0,0,159368
기타,2011년 02월,174602,137302,27.2,0.1,0,0,0,0,174602
기타,2011년 03월,204316,177938,14.8,0.1,0,0,0,0,204316
기타,2011년 04월,183492,155228,18.2,0.1,0,0,0,0,183492
기타,2011년 05월,177519,171856,3.3,0.1,0,0,0,0,177519
기타,2011년 06월,181009,165683,9.3,0.1,0,0,0,0,181009
기타,2011년 07월,184728,183367,0.7,0.1,0,0,0,0,184728
기타,2011년 08월,202273,192666,5,0.1,0,0,0,0,202273
기타,2011년 09월,193427,179068,8,0.1,0,0,0,0,193427
기타,2011년 10월,189469,181929,4.1,0.1,0,0,0,0,189469
기타,2011년 11월,163418,148265,10.2,0.1,0,0,0,0,163418
기타,2011년 12월,157765,150522,4.8,0.1,0,0,0,0,157765
기타,2012년 01월,170518,159368,7,0.1,0,0,0,0,170518
기타,2012년 02월,182768,174602,4.7,0.1,0,0,0,0,182768
기타,2012년 03월,166510,204316,-18.5,0.1,0,0,0,0,166510
기타,2012년 04월,168026,183492,-8.4,0.1,0,0,0,0,168026
기타,2012년 05월,182242,177519,2.7,0.1,0,0,0,0,182242
기타,2012년 06월,164715,181009,-9,0.1,0,0,0,0,164715
기타,2012년 07월,170114,184728,-7.9,0.1,0,0,0,0,170114
기타,2012년 08월,197850,202273,-2.2,0.1,0,0,0,0,197850
기타,2012년 09월,185482,193427,-4.1,0.1,0,0,0,0,185482
기타,2012년 10월,201601,189469,6.4,0.1,0,0,0,0,201601
기타,2012년 11월,152874,163418,-6.5,0.1,0,0,0,0,152874
기타,2012년 12월,149337,157765,-5.3,0.1,0,0,0,0,149337
기타,2013년 01월,157476,170518,-7.6,0.1,0,0,0,0,157476
기타,2013년 02월,157992,182768,-13.6,0.1,0,0,0,0,157992
기타,2013년 03월,211152,166510,26.8,0.1,0,0,0,0,211152
기타,2013년 04월,217678,168026,29.6,0.1,0,0,0,0,217678
기타,2013년 05월,221584,182242,21.6,0.1,0,0,0,0,221584
기타,2013년 06월,254517,164715,54.5,0.1,0,0,0,0,254517
기타,2013년 07월,285063,170114,67.6,0.2,0,0,0,0,285063
기타,2013년 08월,306297,197850,54.8,0.2,0,0,0,0,306297
기타,2013년 09월,254056,185482,37,0.1,0,0,0,0,254056
기타,2013년 10월,218617,201601,8.4,0.1,0,0,0,0,218617
기타,2013년 11월,167929,152874,9.8,0.1,0,0,0,0,167929
기타,2013년 12월,167509,149337,12.2,0.1,0,0,0,0,167509
기타,2014년 01월,176751,157476,12.2,0.1,0,0,0,0,176751
기타,2014년 02월,185895,157992,17.7,0.1,0,0,0,0,185895
기타,2014년 03월,221843,211152,5.1,0.1,0,0,0,0,221843
기타,2014년 04월,242523,217678,11.4,0.1,0,0,0,0,242523
기타,2014년 05월,252765,221584,14.1,0.1,0,0,0,0,252765
기타,2014년 06월,292694,254517,15,0.2,0,0,0,0,292694
기타,2014년 07월,279771,285063,-1.9,0.2,0,0,0,0,279771
기타,2014년 08월,305626,306297,-0.2,0.2,0,0,0,0,305626
기타,2014년 09월,252455,254056,-0.6,0.1,0,0,0,0,252455
기타,2014년 10월,226982,218617,3.8,0.1,0,0,0,0,226982
기타,2014년 11월,186502,167929,11.1,0.1,0,0,0,0,186502
기타,2014년 12월,171492,167509,2.4,0.1,0,0,0,0,171492
기타,2015년 01월,165267,176751,-6.5,0.1,0,0,0,0,165267
기타,2015년 02월,182559,185895,-1.8,0.1,0,0,0,0,182559
기타,2015년 03월,230732,221843,4,0.1,0,0,0,0,230732
기타,2015년 04월,243868,242523,0.6,0.1,0,0,0,0,243868
기타,2015년 05월,240571,252765,-4.8,0.1,0,0,0,0,240571
기타,2015년 06월,206068,292694,-29.6,0.1,0,0,0,0,206068
기타,2015년 07월,185229,279771,-33.8,0.1,0,0,0,0,185229
기타,2015년 08월,270549,305626,-11.5,0.2,0,0,0,0,270549
기타,2015년 09월,257899,252455,2.2,0.2,0,0,0,0,257899
기타,2015년 10월,275948,226982,21.6,0.2,0,0,0,0,275948
기타,2015년 11월,205390,186502,10.1,0.1,0,0,0,0,205390
기타,2015년 12월,185780,171492,8.3,0.1,0,0,0,0,185780
기타,2016년 01월,183832,165267,11.2,0.1,0,0,0,0,183832
기타,2016년 02월,205955,182559,12.8,0.1,0,0,0,0,205955
기타,2016년 03월,224164,230732,-2.8,0.1,0,0,0,0,224164
기타,2016년 04월,227166,243868,-6.8,0.1,0,0,0,0,227166
기타,2016년 05월,253956,240571,5.6,0.1,0,0,0,0,253956
기타,2016년 06월,243275,206068,18.1,0.1,0,0,0,0,243275
기타,2016년 07월,266685,185229,44,0.2,0,0,0,0,266685
기타,2016년 08월,277063,270549,2.4,0.2,0,0,0,0,277063
기타,2016년 09월,279200,257899,8.3,0.2,0,0,0,0,279200
기타,2016년 10월,252972,275948,-8.3,0.1,0,0,0,0,252972
기타,2016년 11월,199187,205390,-3,0.1,0,0,0,0,199187
기타,2016년 12월,205753,185780,10.8,0.1,0,0,0,0,205753
기타,2017년 01월,213197,183832,16,0.1,0,0,0,0,213197
기타,2017년 02월,222387,205955,8,0.1,0,0,0,0,222387
기타,2017년 03월,215131,224164,-4,0.1,0,0,0,0,215131
기타,2017년 04월,191698,227166,-15.6,0.1,0,0,0,0,191698
기타,2017년 05월,198657,253956,-21.8,0.1,0,0,0,0,198657
기타,2017년 06월,180657,243275,-25.7,0.1,0,0,0,0,180657
기타,2017년 07월,192525,266685,-27.8,0.1,0,0,0,0,192525
기타,2017년 08월,205285,277063,-25.9,0.1,0,0,0,0,205285
기타,2017년 09월,195176,279200,-30.1,0.1,0,0,0,0,195176
기타,2017년 10월,221008,252972,-12.6,0.1,0,0,0,0,221008
기타,2017년 11월,177052,199187,-11.1,0.1,0,0,0,0,177052
기타,2017년 12월,172778,205753,-16,0.1,0,0,0,0,172778
기타,2018년 01월,180657,213197,-15.3,0.1,0,0,0,0,180657
기타,2018년 02월,185328,222387,-16.7,0.1,0,0,0,0,185328
기타,2018년 03월,217761,215131,1.2,0.1,0,0,0,0,217761
기타,2018년 04월,205904,191698,7.4,0.1,0,0,0,0,205904
기타,2018년 05월,206201,198657,3.8,0.1,0,0,0,0,206201
기타,2018년 06월,188037,180657,4.1,0.1,0,0,0,0,188037
기타,2018년 07월,187227,192525,-2.8,0.1,0,0,0,0,187227
기타,2018년 08월,209721,205285,2.2,0.1,0,0,0,0,209721
기타,2018년 09월,206592,195176,5.8,0.1,0,0,0,0,206592
기타,2018년 10월,220558,221008,-0.2,0.1,0,0,0,0,220558
기타,2018년 11월,181690,177052,2.6,0.1,0,0,0,0,181690
기타,2018년 12월,174280,172778,0.9,0.1,0,0,0,0,174280
기타,2019년 01월,186401,180657,3.2,0.1,0,0,0,0,186401
기타,2019년 02월,212264,185328,14.5,0.1,0,0,0,0,212264
기타,2019년 03월,216854,217761,-0.4,0.1,0,0,0,0,216854
기타,2019년 04월,217295,205904,5.5,0.1,0,0,0,0,217295
기타,2019년 05월,209943,206201,1.8,0.1,0,0,0,0,209943
기타,2019년 06월,192227,188037,2.2,0.1,0,0,0,0,192227
기타,2019년 07월,189510,187227,1.2,0.1,0,0,0,0,189510
기타,2019년 08월,242444,209721,15.6,0.1,0,0,0,0,242444
기타,2019년 09월,218425,206592,5.7,0.1,0,0,0,0,218425
기타,2019년 10월,212191,220558,-3.8,0.1,0,0,0,0,212191
기타,2019년 11월,177215,181690,-2.5,0.1,0,0,0,0,177215
기타,2019년 12월,167396,174280,-3.9,0.1,0,0,0,0,167396
기타,2020년 01월,202821,186401,8.8,0.1,0,0,0,0,202821
기타,2020년 02월,128715,212264,-39.4,0.1,0,0,0,0,128715
기타,2020년 03월,35790,216854,-83.5,0,0,0,0,0,35790
기타,2020년 04월,16551,217295,-92.4,0,0,0,0,0,16551
기타,2020년 05월,21815,209943,-89.6,0,0,0,0,0,21815
기타,2020년 06월,24220,192227,-87.4,0,0,0,0,0,24220
기타,2020년 07월,44644,189510,-76.4,0,0,0,0,0,44644
기타,2020년 08월,44145,242444,-81.8,0,0,0,0,0,44145
기타,2020년 09월,44651,218425,-79.6,0,0,0,0,0,44651
기타,2020년 10월,46403,212191,-78.1,0,0,0,0,0,46403
기타,2020년 11월,45148,177215,-74.5,0,0,0,0,0,45148
기타,2020년 12월,46202,167396,-72.4,0,0,0,0,0,46202
기타,2021년 01월,44733,202821,-77.9,0,0,0,0,0,44733
기타,2021년 02월,42096,128715,-67.3,0,0,0,0,0,42096
기타,2021년 03월,52201,35790,45.9,0,0,0,0,0,52201
기타,2021년 04월,52832,16551,219.2,0,0,0,0,0,52832
기타,2021년 05월,52812,21815,142.1,0,0,0,0,0,52812
기타,2021년 06월,53402,24220,120.5,0,0,0,0,0,53402
기타,2021년 07월,56242,44644,26,0,0,0,0,0,56242
기타,2021년 08월,51674,44145,17.1,0,0,0,0,0,51674
기타,2021년 09월,55176,44651,23.6,0,0,0,0,0,55176
기타,2021년 10월,59426,46403,28.1,0,0,0,0,0,59426
기타,2021년 11월,57685,45148,27.8,0,0,0,0,0,57685
기타,2021년 12월,56819,46202,23,0,0,0,0,0,56819
기타,2022년 01월,57933,44733,29.5,0,0,0,0,0,57933
기타,2022년 02월,54686,42096,29.9,0,0,0,0,0,54686
기타,2022년 03월,58832,52201,12.7,0,0,0,0,0,58832
기타,2022년 04월,62126,52832,17.6,0,0,0,0,0,62126
기타,소계,33722168,33045355,2,19.8,0,0,0,0,33722168
전체,전체,169995485,168890640,0.7,100,128966801,3781375,680117,2845024,33722168
